2026-05-06;NULL;NULL;rotina
2026-05-06;NULL;NULL;rotina
2026-05-05;NULL;NULL;rotina
2026-05-04;NULL;NULL;rotina
2026-05-03;2;0;rotina
2026-05-03;NULL;NULL;rotina
2026-05-02;NULL;NULL;rotina
2026-05-01;NULL;NULL;rotina
2026-05-01;78;9;reshuffle
2026-04-30;NULL;NULL;rotina
2026-04-30;NULL;NULL;rotina
2026-04-30;1093;5;reshuffle
2026-04-30;NULL;NULL;rotina
2026-04-29;11693;11085;batimento
2026-04-29;NULL;NULL;rotina
2026-04-28;NULL;NULL;rotina
2026-04-28;111;38;reshuffle
2026-04-27;2;0;rotina
2026-04-27;NULL;NULL;rotina
2026-04-26;4;0;rotina
2026-04-26;NULL;NULL;rotina
2026-04-25;58;18;reshuffle
2026-04-25;NULL;NULL;rotina
2026-04-24;NULL;NULL;rotina
2026-04-24;61;16;reshuffle
2026-04-23;206;64;reshuffle
2026-04-23;NULL;NULL;rotina
2026-04-22;178;69;reshuffle
2026-04-22;NULL;NULL;rotina
2026-04-22;4;0;rotina
2026-04-21;NULL;NULL;rotina
2026-04-20;6;1;reshuffle
2026-04-20;NULL;NULL;rotina
2026-04-20;NULL;NULL;rotina
2026-04-19;198;62;reshuffle
2026-04-18;11;5;reshuffle
2026-04-18;NULL;NULL;rotina
2026-04-17;NULL;NULL;rotina
2026-04-17;NULL;NULL;rotina
2026-04-17;221;67;reshuffle
2026-04-15;NULL;NULL;rotina
2026-04-15;58;30;reshuffle
2026-04-15;NULL;NULL;rotina
2026-04-14;9994;56;reshuffle
2026-04-13;NULL;NULL;rotina
2026-04-12;NULL;NULL;rotina
2026-04-12;NULL;NULL;rotina
2026-04-11;108;36;reshuffle
2026-04-11;99748;0;rotina
2026-04-10;32;8;reshuffle
2026-04-10;NULL;NULL;rotina
2026-04-09;134;37;reshuffle
2026-04-09;NULL;NULL;rotina
2026-04-08;214;79;reshuffle
2026-04-08;NULL;NULL;rotina
2026-04-07;NULL;NULL;rotina
2026-04-06;NULL;NULL;rotina
2026-04-06;8770;0;rotina
2026-04-05;85060;80110;batimento
2026-04-05;NULL;NULL;rotina
2026-04-05;NULL;NULL;rotina
2026-04-04;NULL;NULL;rotina
2026-04-04;76;2;reshuffle
2026-04-03;748;3;reshuffle
2026-04-03;NULL;NULL;rotina
2026-04-02;122;6;reshuffle
2026-04-02;NULL;NULL;rotina
2026-04-01;NULL;NULL;rotina
2026-04-01;71;13;reshuffle
2026-03-31;NULL;NULL;rotina
2026-03-30;366;0;rotina
2026-03-29;36;5;reshuffle
2026-03-29;NULL;NULL;rotina
2026-03-29;NULL;NULL;rotina
2026-03-28;81;9;reshuffle
2026-03-27;NULL;NULL;rotina
2026-03-27;12;1;reshuffle
2026-03-27;NULL;NULL;rotina
2026-03-26;142;16;reshuffle
2026-03-26;NULL;NULL;rotina
2026-03-25;NULL;NULL;rotina
2026-03-23;NULL;NULL;rotina
2026-03-23;2;0;rotina
2026-03-22;NULL;NULL;rotina
2026-03-22;79;21;reshuffle
2026-03-22;NULL;NULL;rotina
2026-03-21;41;7;reshuffle
2026-03-21;NULL;NULL;rotina
2026-03-20;NULL;NULL;rotina
2026-03-20;91;13;reshuffle
2026-03-20;NULL;NULL;rotina
2026-03-19;136;22;reshuffle
2026-03-19;NULL;NULL;rotina
2026-03-18;NULL;NULL;rotina
2026-03-17;NULL;NULL;rotina
2026-03-15;NULL;NULL;rotina
2026-03-15;58;12;reshuffle
2026-03-15;NULL;NULL;rotina
2026-03-14;NULL;NULL;rotina
2026-03-14;23;3;reshuffle
2026-03-13;35;6;reshuffle
2026-03-13;NULL;NULL;rotina
2026-03-12;199;35;reshuffle
2026-03-11;2612;1;reshuffle
2026-03-11;NULL;NULL;rotina
2026-03-11;NULL;NULL;rotina
2026-03-10;NULL;NULL;rotina
2026-03-10;20284;19941;batimento
2026-03-08;NULL;NULL;rotina
2026-03-08;4999;11;reshuffle
2026-03-08;NULL;NULL;rotina
2026-03-06;NULL;NULL;rotina
2026-03-06;NULL;NULL;rotina
2026-03-06;NULL;NULL;rotina
2026-03-05;73969;0;rotina
2026-03-05;58;1;reshuffle
2026-03-05;NULL;NULL;rotina
2026-03-04;NULL;NULL;rotina
2026-03-04;67;8;reshuffle
2026-03-03;NULL;NULL;rotina
2026-03-03;1;1;reshuffle
2026-03-02;NULL;NULL;rotina
2026-03-01;NULL;NULL;rotina
2026-03-01;44;7;reshuffle
2026-02-28;28;2;reshuffle
2026-02-28;NULL;NULL;rotina
2026-02-27;NULL;NULL;rotina
2026-02-27;11;3;reshuffle
2026-02-26;42;12;reshuffle
2026-02-26;NULL;NULL;rotina
2026-02-25;44;15;reshuffle
2026-02-25;NULL;NULL;rotina
2026-02-24;NULL;NULL;rotina
2026-02-23;NULL;NULL;rotina
2026-02-22;65;20;reshuffle
2026-02-22;NULL;NULL;rotina
2026-02-21;30;1;reshuffle
2026-02-20;NULL;NULL;rotina
2026-02-20;183;24;reshuffle
2026-02-20;NULL;NULL;rotina
2026-02-19;NULL;NULL;rotina
2026-02-17;NULL;NULL;rotina
2026-02-17;NULL;NULL;rotina
2026-02-16;NULL;NULL;rotina
2026-02-16;3;1;reshuffle
2026-02-15;36;9;reshuffle
2026-02-15;NULL;NULL;rotina
2026-02-14;NULL;NULL;rotina
2026-02-14;32;4;reshuffle
2026-02-13;NULL;NULL;rotina
2026-02-13;26;10;reshuffle
2026-02-12;NULL;NULL;rotina
2026-02-12;64;10;reshuffle
2026-02-11;NULL;NULL;rotina
2026-02-11;64;15;reshuffle
2026-02-10;NULL;NULL;rotina
2026-02-09;5;1;reshuffle
2026-02-09;NULL;NULL;rotina
2026-02-08;NULL;NULL;rotina
2026-02-08;110;24;reshuffle
2026-02-07;110;24;reshuffle
2026-02-07;NULL;NULL;rotina
2026-02-06;NULL;NULL;rotina
2026-02-05;NULL;NULL;rotina
2026-02-04;1;1;reshuffle
2026-02-04;NULL;NULL;rotina
2026-02-03;NULL;NULL;rotina
2026-02-02;4;0;rotina
2026-02-01;5024;28;reshuffle
2026-02-01;NULL;NULL;rotina
2026-01-31;NULL;NULL;rotina
2026-01-30;NULL;NULL;rotina
2026-01-30;NULL;NULL;rotina
2026-01-29;74344;29;reshuffle
2026-01-29;13;10;reshuffle
2026-01-29;NULL;NULL;rotina
2026-01-28;27;21;reshuffle
2026-01-27;NULL;NULL;rotina
2026-01-27;NULL;NULL;rotina
2026-01-26;4;1;reshuffle
2026-01-25;32;18;reshuffle
2026-01-25;NULL;NULL;rotina
2026-01-24;NULL;NULL;rotina
2026-01-24;NULL;NULL;rotina
2026-01-24;39;17;reshuffle
2026-01-23;30;17;reshuffle
2026-01-22;1279;58;reshuffle
2026-01-22;NULL;NULL;rotina
2026-01-22;NULL;NULL;rotina
2026-01-21;13158;13147;batimento
2026-01-21;NULL;NULL;rotina
2026-01-20;NULL;NULL;rotina
2026-01-18;42;30;reshuffle
2026-01-18;NULL;NULL;rotina
2026-01-18;NULL;NULL;rotina
2026-01-17;NULL;NULL;rotina
2026-01-17;38;28;reshuffle
2026-01-16;11;6;reshuffle
2026-01-15;NULL;NULL;rotina
2026-01-15;39;21;reshuffle
2026-01-15;NULL;NULL;rotina
2026-01-14;63;43;reshuffle
2026-01-14;NULL;NULL;rotina
2026-01-13;NULL;NULL;rotina
2026-01-13;3785;19;reshuffle
2026-01-12;NULL;NULL;rotina
2026-01-11;NULL;NULL;rotina
2026-01-11;NULL;NULL;rotina
2026-01-10;61381;52333;batimento
2026-01-10;1405;3;reshuffle
2026-01-10;NULL;NULL;rotina
2026-01-09;NULL;NULL;rotina
2026-01-09;15313;15293;batimento
2026-01-08;49;7;reshuffle
2026-01-07;49;7;reshuffle
2026-01-07;NULL;NULL;rotina
2026-01-06;NULL;NULL;rotina
2026-01-06;NULL;NULL;rotina
2026-01-06;1;0;rotina
2026-01-05;5;0;rotina
2026-01-04;32;8;reshuffle
2026-01-04;NULL;NULL;rotina
2026-01-04;NULL;NULL;rotina
2026-01-03;NULL;NULL;rotina
2025-12-31;NULL;NULL;rotina
2025-12-31;58;7;reshuffle
2025-12-30;NULL;NULL;rotina
2025-12-29;4;0;rotina
2025-12-28;NULL;NULL;rotina
2025-12-28;NULL;NULL;rotina
2025-12-28;65;4;reshuffle
2025-12-27;NULL;NULL;rotina
2025-12-26;1;0;rotina
2025-12-25;58;4;reshuffle
2025-12-25;NULL;NULL;rotina
2025-12-24;NULL;NULL;rotina
2025-12-24;79;6;reshuffle
2025-12-23;NULL;NULL;rotina
2025-12-22;NULL;NULL;rotina
2025-12-21;19;3;reshuffle
2025-12-21;NULL;NULL;rotina
2025-12-21;NULL;NULL;rotina
2025-12-20;41;2;reshuffle
2025-12-19;9;1;reshuffle
2025-12-19;NULL;NULL;rotina
2025-12-18;63;1;reshuffle
2025-12-18;NULL;NULL;rotina
2025-12-18;NULL;NULL;rotina
2025-12-18;NULL;NULL;rotina
2025-12-17;2652;9;reshuffle
2025-12-16;NULL;NULL;rotina
2025-12-15;44433;3;reshuffle
2025-12-15;NULL;NULL;rotina
2025-12-15;NULL;NULL;rotina
2025-12-12;80;6;reshuffle
2025-12-11;NULL;NULL;rotina
2025-12-10;57;4;reshuffle
2025-12-10;NULL;NULL;rotina
2025-12-10;NULL;NULL;rotina
2025-12-09;NULL;NULL;rotina
2025-12-09;42;2;reshuffle
2025-12-08;NULL;NULL;rotina
2025-12-08;NULL;NULL;rotina
2025-12-08;NULL;NULL;rotina
2025-12-08;NULL;NULL;rotina
2025-12-06;NULL;NULL;rotina
2025-12-05;24;9;reshuffle
2025-12-05;NULL;NULL;rotina
2025-12-04;56;4;reshuffle
2025-12-03;183;29;reshuffle
2025-12-03;NULL;NULL;rotina
2025-12-02;NULL;NULL;rotina
2025-12-02;1;0;rotina
2025-12-02;NULL;NULL;rotina
2025-11-29;NULL;NULL;rotina
2025-11-28;NULL;NULL;rotina
2025-11-27;1;0;rotina
2025-11-27;NULL;NULL;rotina
2025-11-27;NULL;NULL;rotina
2025-11-26;61;15;reshuffle
2025-11-26;NULL;NULL;rotina
2025-11-25;137;17;reshuffle
2025-11-25;NULL;NULL;rotina
2025-11-24;NULL;NULL;rotina
2025-11-19;49;15;reshuffle
2025-11-18;NULL;NULL;rotina
2025-11-18;52;11;reshuffle
2025-11-17;NULL;NULL;rotina
2025-11-16;NULL;NULL;rotina
2025-11-16;NULL;NULL;rotina
2025-11-14;2680;12;reshuffle
2025-11-14;NULL;NULL;rotina
2025-11-13;NULL;NULL;rotina
2025-11-12;NULL;NULL;rotina
2025-11-12;NULL;NULL;rotina
2025-11-12;45381;13;reshuffle
2025-11-11;113;27;reshuffle
2025-11-11;NULL;NULL;rotina
2025-11-10;NULL;NULL;rotina
2025-11-09;NULL;NULL;rotina
2025-11-08;NULL;NULL;rotina
2025-11-07;NULL;NULL;rotina
